{"root":[{"assemblyName":"Assembly-CSharp-firstpass","nameSpace":"PixelCrushers.DialogueSystem","className":"Lua","methodName":"InitStaticVariables","loadTypes":4,"isUnityClass":false},{"assemblyName":"Assembly-CSharp-firstpass","nameSpace":"PixelCrushers.DialogueSystem","className":"BarkController","methodName":"InitStaticVariables","loadTypes":4,"isUnityClass":false},{"assemblyName":"Assembly-CSharp-firstpass","nameSpace":"PixelCrushers.DialogueSystem","className":"DialogueSystemSceneEvents","methodName":"InitStaticVariables","loadTypes":4,"isUnityClass":false},{"assemblyName":"Assembly-CSharp-firstpass","nameSpace":"PixelCrushers.DialogueSystem","className":"DialogueLua","methodName":"InitStaticVariables","loadTypes":4,"isUnityClass":false},{"assemblyName":"Assembly-CSharp-firstpass","nameSpace":"PixelCrushers.DialogueSystem","className":"CharacterInfo","methodName":"InitStaticVariables","loadTypes":4,"isUnityClass":false},{"assemblyName":"Assembly-CSharp-firstpass","nameSpace":"PixelCrushers.DialogueSystem","className":"Sequencer","methodName":"InitStaticVariables","loadTypes":4,"isUnityClass":false},{"assemblyName":"Assembly-CSharp-firstpass","nameSpace":"PixelCrushers.DialogueSystem","className":"SequencerTools","methodName":"InitStaticVariables","loadTypes":4,"isUnityClass":false},{"assemblyName":"Assembly-CSharp-firstpass","nameSpace":"PixelCrushers.DialogueSystem","className":"BarkGroupManager","methodName":"InitStaticVariables","loadTypes":4,"isUnityClass":false},{"assemblyName":"Assembly-CSharp-firstpass","nameSpace":"PixelCrushers.DialogueSystem","className":"DialogueManager","methodName":"InitStaticVariables","loadTypes":4,"isUnityClass":false},{"assemblyName":"Assembly-CSharp-firstpass","nameSpace":"PixelCrushers.DialogueSystem","className":"DialogueSystemController","methodName":"InitStaticVariables","loadTypes":4,"isUnityClass":false},{"assemblyName":"Assembly-CSharp-firstpass","nameSpace":"PixelCrushers.DialogueSystem","className":"Localization","methodName":"InitStaticVariables","loadTypes":4,"isUnityClass":false},{"assemblyName":"Assembly-CSharp-firstpass","nameSpace":"PixelCrushers.DialogueSystem","className":"PersistentDataManager","methodName":"InitStaticVariables","loadTypes":4,"isUnityClass":false},{"assemblyName":"Assembly-CSharp-firstpass","nameSpace":"PixelCrushers.DialogueSystem","className":"StandardUISelectorElements","methodName":"InitStaticVariables","loadTypes":4,"isUnityClass":false},{"assemblyName":"Assembly-CSharp-firstpass","nameSpace":"PixelCrushers.DialogueSystem","className":"UITools","methodName":"InitStaticVariables","loadTypes":4,"isUnityClass":false},{"assemblyName":"Assembly-CSharp-firstpass","nameSpace":"PixelCrushers.DialogueSystem","className":"ConversationPositionStack","methodName":"InitStaticVariables","loadTypes":4,"isUnityClass":false},{"assemblyName":"Unity.InputSystem","nameSpace":"UnityEngine.InputSystem","className":"InputSystem","methodName":"RunInitializeInPlayer","loadTypes":1,"isUnityClass":true},{"assemblyName":"Cinemachine","nameSpace":"Cinemachine","className":"CinemachineStoryboard","methodName":"InitializeModule","loadTypes":0,"isUnityClass":false},{"assemblyName":"Cinemachine","nameSpace":"Cinemachine","className":"CinemachineCore","methodName":"InitializeModule","loadTypes":0,"isUnityClass":false},{"assemblyName":"Cinemachine","nameSpace":"Cinemachine","className":"UpdateTracker","methodName":"InitializeModule","loadTypes":0,"isUnityClass":false},{"assemblyName":"Cinemachine","nameSpace":"Cinemachine","className":"CinemachineImpulseManager","methodName":"InitializeModule","loadTypes":0,"isUnityClass":false},{"assemblyName":"Sirenix.Utilities","nameSpace":"Sirenix.Utilities","className":"UnityVersion","methodName":"EnsureLoaded","loadTypes":1,"isUnityClass":false},{"assemblyName":"Sirenix.Serialization","nameSpace":"Sirenix.Serialization","className":"UnitySerializationInitializer","methodName":"InitializeRuntime","loadTypes":1,"isUnityClass":false},{"assemblyName":"Sirenix.Serialization","nameSpace":"Sirenix.Serialization.Utilities","className":"UnityVersion","methodName":"EnsureLoaded","loadTypes":1,"isUnityClass":false},{"assemblyName":"Sirenix.Utilities","nameSpace":"Sirenix.Utilities","className":"UnityVersion","methodName":"EnsureLoaded","loadTypes":1,"isUnityClass":false},{"assemblyName":"Sirenix.Serialization","nameSpace":"Sirenix.Serialization","className":"UnitySerializationInitializer","methodName":"InitializeRuntime","loadTypes":1,"isUnityClass":false},{"assemblyName":"Sirenix.Serialization","nameSpace":"Sirenix.Serialization.Utilities","className":"UnityVersion","methodName":"EnsureLoaded","loadTypes":1,"isUnityClass":false},{"assemblyName":"Sirenix.Utilities","nameSpace":"Sirenix.Utilities","className":"UnityVersion","methodName":"EnsureLoaded","loadTypes":1,"isUnityClass":false},{"assemblyName":"Sirenix.Serialization","nameSpace":"Sirenix.Serialization","className":"UnitySerializationInitializer","methodName":"InitializeRuntime","loadTypes":1,"isUnityClass":false},{"assemblyName":"Sirenix.Serialization","nameSpace":"Sirenix.Serialization.Utilities","className":"UnityVersion","methodName":"EnsureLoaded","loadTypes":1,"isUnityClass":false},{"assemblyName":"Sirenix.Utilities.Editor","nameSpace":"Sirenix.Utilities","className":"AssemblyUtilities","methodName":"DoNothing","loadTypes":1,"isUnityClass":false}]}
